filename;width;height;class;xmin;ymin;xmax;ymax;score
Abyssinian_179.jpg;263;360;1;0.27756653992395436;0.05277777777777778;0.6920152091254753;0.37777777777777777;0.976276
american_bulldog_100.jpg;500;333;2;0.408;0.3033033033033033;0.576;0.6066066066066066;0.957703
american_bulldog_105.jpg;500;332;2;0.33;0.08734939759036145;0.852;0.7319277108433735;0.716328
american_bulldog_126.jpg;353;500;2;0.34277620396600567;0.012;0.7932011331444759;0.302;0.966889
american_bulldog_129.jpg;382;500;2;0.42670157068062825;0.064;0.9162303664921466;0.38;0.967622
american_bulldog_19.jpg;500;333;2;0.146;0.021021021021021023;0.838;0.93993993993994;0.945388
